,id,name,record_type,record_id,blob_id,created_at
0,1,pdf,ConsentForm,1,1,2019-05-24 09:20:33
1,2,pdf,ConsentForm,2,2,2019-09-16 23:53:30
2,3,result_img,BingoBoard,788,3,2019-10-28 22:29:16
3,4,result_img,BingoBoard,790,4,2019-10-29 13:00:08
4,5,result_img,BingoBoard,797,5,2019-10-29 13:06:41
5,6,result_img,BingoBoard,798,6,2019-10-29 13:36:53
6,7,result_img,BingoBoard,795,7,2019-10-29 13:37:36
7,8,result_img,BingoBoard,793,8,2019-10-29 13:38:31
8,9,result_img,BingoBoard,801,9,2019-10-29 13:39:15
9,10,result_img,BingoBoard,811,10,2019-10-30 14:28:16
10,11,result_img,BingoBoard,810,11,2019-10-30 14:30:22
11,12,result_img,BingoBoard,806,12,2019-10-30 16:58:30
12,13,result_img,BingoBoard,772,13,2019-10-30 16:59:31
13,14,result_img,BingoBoard,803,14,2019-10-30 17:01:57
14,15,result_img,BingoBoard,809,15,2019-10-30 17:03:00
15,16,result_img,BingoBoard,807,16,2019-10-30 17:03:47
16,17,result_img,BingoBoard,805,17,2019-10-30 17:04:31
17,18,result_img,BingoBoard,558,18,2019-10-30 17:05:46
18,19,result_img,BingoBoard,808,19,2019-10-30 17:06:44
19,20,result_img,BingoBoard,804,20,2019-10-30 17:15:29
20,21,result_img,BingoBoard,814,21,2019-11-05 04:55:25
21,22,result_img,BingoBoard,818,22,2019-11-05 04:57:16
22,23,result_img,BingoBoard,826,23,2019-11-05 04:58:49
23,24,result_img,BingoBoard,821,24,2019-11-05 05:01:08
24,25,result_img,BingoBoard,825,25,2019-11-05 05:03:04
25,26,result_img,BingoBoard,823,26,2019-11-05 05:04:30
26,27,result_img,BingoBoard,816,27,2019-11-06 17:59:25
27,28,result_img,BingoBoard,836,28,2019-11-06 18:01:09
28,29,result_img,BingoBoard,830,29,2019-11-06 18:02:27
29,30,result_img,BingoBoard,838,30,2019-11-06 18:03:10
30,31,result_img,BingoBoard,831,31,2019-11-06 18:04:46
31,32,result_img,BingoBoard,843,32,2019-11-08 20:38:59
32,33,result_img,BingoBoard,837,33,2019-11-08 20:40:26
33,34,result_img,BingoBoard,845,34,2019-11-08 20:43:31
34,35,result_img,BingoBoard,842,35,2019-11-08 20:50:50
35,36,result_img,BingoBoard,846,36,2019-11-08 20:52:41
36,37,result_img,BingoBoard,839,37,2019-11-08 20:58:35
37,38,result_img,BingoBoard,844,38,2019-11-13 13:39:29
38,39,result_img,BingoBoard,832,39,2019-11-15 19:26:50
39,40,result_img,BingoBoard,848,40,2019-11-15 19:29:26
40,41,result_img,BingoBoard,855,41,2019-11-21 03:28:31
41,42,result_img,BingoBoard,851,42,2019-11-21 03:29:45
42,43,result_img,BingoBoard,854,43,2019-11-21 03:31:10
43,44,result_img,BingoBoard,852,44,2019-11-21 03:32:56
44,45,result_img,BingoBoard,853,45,2019-11-21 03:33:59
45,46,result_img,BingoBoard,850,46,2019-11-21 03:35:27
46,48,result_img,BingoBoard,859,48,2020-02-07 18:10:20
47,49,result_img,BingoBoard,863,49,2020-02-07 18:12:29
48,50,result_img,BingoBoard,866,50,2020-02-07 18:14:43
49,51,result_img,BingoBoard,864,51,2020-02-07 18:15:54
50,52,result_img,BingoBoard,861,52,2020-02-07 18:17:12
51,53,result_img,BingoBoard,870,53,2020-02-07 18:18:21
52,54,result_img,BingoBoard,858,54,2020-02-07 18:19:34
53,55,result_img,BingoBoard,869,55,2020-02-07 19:02:15
54,56,result_img,BingoBoard,860,56,2020-02-07 19:03:11
55,57,result_img,BingoBoard,884,57,2020-02-10 18:06:44
56,58,result_img,BingoBoard,882,58,2020-02-10 18:10:14
57,59,result_img,BingoBoard,891,59,2020-02-14 17:54:45
58,60,result_img,BingoBoard,900,60,2020-02-14 17:55:46
59,61,result_img,BingoBoard,899,61,2020-02-14 17:56:39
60,62,result_img,BingoBoard,896,62,2020-02-14 17:57:40
61,63,result_img,BingoBoard,894,63,2020-02-14 17:58:50
62,64,result_img,BingoBoard,905,64,2020-02-14 17:59:58
63,65,result_img,BingoBoard,904,65,2020-02-14 18:00:55
64,66,result_img,BingoBoard,892,66,2020-02-14 18:01:54
65,67,result_img,BingoBoard,911,67,2020-02-19 18:19:55
66,68,result_img,BingoBoard,921,68,2020-02-19 18:20:53
67,69,result_img,BingoBoard,914,69,2020-02-19 18:22:18
68,70,result_img,BingoBoard,912,70,2020-02-19 18:23:26
69,71,result_img,BingoBoard,916,71,2020-02-19 18:24:33
70,72,result_img,BingoBoard,918,72,2020-02-19 18:25:29
71,73,result_img,BingoBoard,933,73,2020-02-26 18:00:10
72,74,result_img,BingoBoard,932,74,2020-02-26 18:02:46
73,75,result_img,BingoBoard,928,75,2020-02-26 18:04:45
74,76,result_img,BingoBoard,931,76,2020-02-26 18:06:18
75,77,result_img,BingoBoard,935,77,2020-02-26 18:08:45
76,78,result_img,BingoBoard,909,78,2020-02-26 18:10:33
77,79,result_img,BingoBoard,939,79,2020-02-26 18:11:59
78,80,result_img,BingoBoard,942,80,2020-02-26 18:13:20
79,81,result_img,BingoBoard,941,81,2020-02-26 18:18:48
80,82,result_img,BingoBoard,937,82,2020-02-26 18:20:03
81,83,result_img,BingoBoard,950,83,2020-03-03 17:13:22
82,84,result_img,BingoBoard,944,84,2020-03-03 17:14:19
83,85,result_img,BingoBoard,927,85,2020-03-03 17:15:15
84,86,result_img,BingoBoard,954,86,2020-03-03 17:16:21
85,87,result_img,BingoBoard,955,87,2020-03-03 17:17:01
86,88,result_img,BingoBoard,957,88,2020-03-03 17:17:43
87,89,result_img,BingoBoard,946,89,2020-03-03 17:18:32
88,90,result_img,BingoBoard,952,90,2020-03-03 17:19:36
89,91,result_img,BingoBoard,948,91,2020-03-03 17:20:41
90,92,result_img,BingoBoard,959,92,2020-03-03 17:21:42
91,93,result_img,BingoBoard,964,93,2020-03-07 19:40:42
92,94,result_img,BingoBoard,971,94,2020-03-07 19:43:16
93,95,result_img,BingoBoard,962,95,2020-03-07 19:44:42
94,96,result_img,BingoBoard,965,96,2020-03-07 19:47:13
95,97,result_img,BingoBoard,967,97,2020-03-07 19:49:03
96,98,result_img,BingoBoard,969,98,2020-03-07 19:50:21
97,99,result_img,BingoBoard,977,99,2020-03-11 15:01:43
98,100,result_img,BingoBoard,974,100,2020-03-11 15:03:49
99,101,result_img,BingoBoard,976,101,2020-03-11 15:06:23
100,102,result_img,BingoBoard,979,102,2020-03-11 15:08:08
101,103,result_img,BingoBoard,901,103,2020-04-01 13:50:26
102,104,result_img,BingoBoard,984,104,2020-04-01 14:02:46
103,105,result_img,BingoBoard,1005,105,2020-04-02 12:19:27
104,106,result_img,BingoBoard,1003,106,2020-04-02 12:23:42
105,107,result_img,BingoBoard,985,107,2020-04-02 12:27:56
106,108,result_img,BingoBoard,994,108,2020-04-02 12:34:19
107,109,result_img,BingoBoard,995,109,2020-04-02 12:45:27
108,110,result_img,BingoBoard,988,110,2020-04-02 12:50:10
109,111,result_img,BingoBoard,987,111,2020-04-02 12:54:52
110,112,result_img,BingoBoard,990,112,2020-04-02 12:57:01
111,113,result_img,BingoBoard,998,113,2020-04-02 13:01:44
112,114,result_img,BingoBoard,1000,114,2020-04-02 13:04:38
113,115,result_img,BingoBoard,1002,115,2020-04-02 13:08:58
114,116,result_img,BingoBoard,1019,116,2020-04-20 04:35:29
115,117,result_img,BingoBoard,1020,117,2020-04-20 04:38:56
116,118,result_img,BingoBoard,1012,118,2020-04-20 04:42:39
117,119,result_img,BingoBoard,1013,119,2020-04-20 04:47:08
118,120,result_img,BingoBoard,1011,120,2020-04-20 04:49:23
119,121,result_img,BingoBoard,999,121,2020-04-20 04:51:27
120,122,result_img,BingoBoard,991,122,2020-04-20 04:54:33
121,123,result_img,BingoBoard,1007,123,2020-04-20 04:56:59
122,124,result_img,BingoBoard,1009,124,2020-04-20 04:59:47
123,125,result_img,BingoBoard,1010,125,2020-04-20 05:01:56
124,126,result_img,BingoBoard,1055,126,2020-09-22 20:20:56
125,127,result_img,BingoBoard,1043,127,2020-09-22 20:27:10
126,128,result_img,BingoBoard,1027,128,2020-09-22 20:47:25
127,129,result_img,BingoBoard,1022,129,2020-09-22 20:48:09
128,130,result_img,BingoBoard,1032,130,2020-09-22 21:13:11
129,131,result_img,BingoBoard,1039,131,2020-09-22 21:15:25
130,132,result_img,BingoBoard,1038,132,2020-09-22 21:37:19
131,133,result_img,BingoBoard,1044,133,2020-09-22 21:39:24
132,134,result_img,BingoBoard,1045,134,2020-09-22 22:42:14
133,135,result_img,BingoBoard,1053,135,2020-09-22 22:43:50
134,136,result_img,BingoBoard,1052,136,2020-09-22 22:45:58
135,137,result_img,BingoBoard,1056,137,2020-09-22 22:48:13
136,138,result_img,BingoBoard,1054,138,2020-09-22 22:50:19
137,139,result_img,BingoBoard,1024,139,2020-09-22 22:56:56
138,140,result_img,BingoBoard,1033,140,2020-09-22 22:59:17
139,141,result_img,BingoBoard,1092,141,2020-10-28 20:05:47
140,142,result_img,BingoBoard,1091,142,2020-10-28 20:08:17
141,143,result_img,BingoBoard,1090,143,2020-10-28 20:09:30
142,144,result_img,BingoBoard,1088,144,2020-10-28 20:13:22
143,145,result_img,BingoBoard,1087,145,2020-10-28 20:15:06
144,146,result_img,BingoBoard,1086,146,2020-10-28 20:16:46
145,147,result_img,BingoBoard,1085,147,2020-10-28 20:21:30
146,148,result_img,BingoBoard,1067,148,2020-10-29 00:16:50
147,149,result_img,BingoBoard,1065,149,2020-10-29 00:18:38
148,150,result_img,BingoBoard,1075,150,2020-10-29 02:09:34
149,151,result_img,BingoBoard,1077,151,2020-10-29 02:10:28
150,152,result_img,BingoBoard,1074,152,2020-10-29 02:12:27
151,153,result_img,BingoBoard,1072,153,2020-10-29 02:16:37
152,154,result_img,BingoBoard,1084,154,2020-10-29 02:19:36
153,155,result_img,BingoBoard,1073,155,2020-10-29 02:21:08
154,156,result_img,BingoBoard,1097,156,2020-11-11 03:07:13
155,157,result_img,BingoBoard,1093,157,2020-11-11 03:19:09
156,158,result_img,BingoBoard,1094,158,2020-11-11 03:20:26
157,159,result_img,BingoBoard,1098,159,2020-11-11 03:21:34
158,160,result_img,BingoBoard,1134,160,2021-02-21 18:46:20
159,161,result_img,BingoBoard,1112,161,2021-02-21 19:16:56
160,162,result_img,BingoBoard,1111,162,2021-02-21 19:18:45
161,163,result_img,BingoBoard,1110,163,2021-02-21 19:22:57
162,164,result_img,BingoBoard,1109,164,2021-02-21 19:33:40
163,165,result_img,BingoBoard,1103,165,2021-02-21 19:36:37
164,166,result_img,BingoBoard,1124,166,2021-02-21 19:59:17
165,167,result_img,BingoBoard,1123,167,2021-02-21 20:15:37
166,168,result_img,BingoBoard,1133,168,2021-02-21 20:23:19
167,169,result_img,BingoBoard,1126,169,2021-02-21 20:37:07
168,170,result_img,BingoBoard,1125,170,2021-02-21 21:34:24
169,171,result_img,BingoBoard,1108,171,2021-02-21 21:39:27
170,172,result_img,BingoBoard,1120,172,2021-02-21 21:41:12
171,173,result_img,BingoBoard,1119,173,2021-02-21 21:43:04
172,174,result_img,BingoBoard,1115,174,2021-02-21 22:22:42
173,175,result_img,BingoBoard,1113,175,2021-02-21 22:37:57
174,176,result_img,BingoBoard,1141,176,2021-02-27 17:21:10
175,177,result_img,BingoBoard,1143,177,2021-02-27 17:23:05
176,178,result_img,BingoBoard,1136,178,2021-02-27 17:27:06
177,179,result_img,BingoBoard,1188,179,2021-03-14 00:27:14
178,180,result_img,BingoBoard,1159,180,2021-03-14 00:29:13
179,181,result_img,BingoBoard,1189,181,2021-03-14 00:34:05
180,182,result_img,BingoBoard,1187,182,2021-03-14 00:36:09
181,183,result_img,BingoBoard,1177,183,2021-03-14 00:37:08
182,184,result_img,BingoBoard,1186,184,2021-03-14 00:38:18
183,185,result_img,BingoBoard,1185,185,2021-03-14 00:39:39
184,186,result_img,BingoBoard,1176,186,2021-03-14 00:40:51
185,187,result_img,BingoBoard,1175,187,2021-03-14 00:41:45
186,188,result_img,BingoBoard,1158,188,2021-03-14 00:42:47
187,189,result_img,BingoBoard,1183,189,2021-03-14 02:00:55
188,190,result_img,BingoBoard,1164,190,2021-03-18 20:23:48
189,191,result_img,BingoBoard,1165,191,2021-03-18 20:26:11
190,192,result_img,BingoBoard,1166,192,2021-03-18 20:27:10
191,193,result_img,BingoBoard,1162,193,2021-03-18 20:33:19
192,194,result_img,BingoBoard,1206,194,2021-03-18 20:37:35
193,195,result_img,BingoBoard,1205,195,2021-03-18 20:38:44
194,196,result_img,BingoBoard,1207,196,2021-03-21 15:16:38
195,197,result_img,BingoBoard,1209,197,2021-03-21 15:19:39
196,198,result_img,BingoBoard,1208,198,2021-03-21 15:21:12
197,199,result_img,BingoBoard,1215,199,2021-03-21 19:49:17
198,200,result_img,BingoBoard,1216,200,2021-03-21 19:50:21
199,201,result_img,BingoBoard,1203,201,2021-03-25 16:51:47
200,202,result_img,BingoBoard,1202,202,2021-03-25 16:53:19
201,203,result_img,BingoBoard,1148,203,2021-03-25 17:03:56
202,204,result_img,BingoBoard,1238,204,2021-04-10 20:41:44
203,205,result_img,BingoBoard,1239,205,2021-04-10 20:42:51
204,206,result_img,BingoBoard,1237,206,2021-04-10 20:43:59
205,207,result_img,BingoBoard,1232,207,2021-04-10 20:45:00
206,208,result_img,BingoBoard,1234,208,2021-04-10 20:46:06
207,209,result_img,BingoBoard,1228,209,2021-04-10 20:47:01
208,210,result_img,BingoBoard,1240,210,2021-04-11 14:09:41
209,211,result_img,BingoBoard,1236,211,2021-04-11 19:02:38
210,212,result_img,BingoBoard,1224,212,2021-04-13 04:00:33
211,213,result_img,BingoBoard,1201,213,2021-04-14 14:33:28
212,214,result_img,BingoBoard,1249,214,2021-04-14 18:53:23
213,215,result_img,BingoBoard,1252,215,2021-04-27 17:11:36
214,216,result_img,BingoBoard,1254,216,2021-04-28 17:18:15
215,217,result_img,BingoBoard,1253,217,2021-04-28 19:10:43
216,218,result_img,BingoBoard,1255,218,2021-04-30 13:02:12
217,219,result_img,BingoBoard,1258,219,2021-05-02 16:46:57
218,220,result_img,BingoBoard,1257,220,2021-05-02 16:47:55
219,221,result_img,BingoBoard,1259,221,2021-05-02 16:48:59
220,222,result_img,BingoBoard,1262,222,2021-05-04 12:28:48
221,223,result_img,BingoBoard,1263,223,2021-05-08 17:25:16
222,226,result_img,BingoBoard,1270,226,2021-05-11 18:28:24
223,227,result_img,BingoBoard,1268,227,2021-05-11 18:31:31
224,228,result_img,BingoBoard,1269,228,2021-05-12 16:41:11
225,229,result_img,BingoBoard,1163,229,2021-05-13 11:46:26
226,230,result_img,BingoBoard,1160,230,2021-05-13 13:50:10
227,231,result_img,BingoBoard,1161,231,2021-05-13 13:50:55
228,232,result_img,BingoBoard,1145,232,2021-05-13 13:52:02
